{
  "ave.intro.html": "<div class=\"rtxt\"><p class=\"indent\">اسمي نيكو. قررت أن أحكي قصة صديقي آدم — وهي قصة أصبحتُ أنا أيضًا جزءًا منها. إنها قصة غير اعتيادية للغاية، من النوع الذي نادرًا ما نجده في الكتب أو الأفلام. لأكثر من ست سنوات أبقيناها بين من عاشوها، لكنني الآن قررت أن أتحدث وأحاول أن أجعلها معروفة. قمتُ بتهيئة القصة بصيغتين: صيغة وثائقية وإعادة تخيّل فانتازية. الصيغة الوثائقية للتعرّف على <i>The Real Unreal Story</i> كما هي، من دون تشويه. أما الصيغة الفانتازية فلتلقي الأحداث بصريًا عبر الاستعارات.</p></div>",
  "ave.doc.title": "الصيغة الوثائقية",
  "ave.doc.youtube": "https://youtu.be/IBqpVuGNE1Q",
  "ave.doc.desc.html": "<div class=\"rtxt\"><p class=\"indent\"><i>The Real Unreal Story</i> تتتبع جرّاحًا كرّس حياته لإنقاذ الآخرين ثم اضطر إلى القتال من أجل حياته — وسط تشخيصات وقرارات خطرة وموجات من المضاعفات وضغط الأنظمة والمصادفة. إنها حكاية واقعية مباشرة تركز على الأشخاص والقدرة على الفعل وسلسلة الخيارات تحت عدم اليقين.</p></div>",
  "ave.doc.btn": "الانتقال إلى الموقع الرئيسي",
  "ave.tf.title": "TrustFields — إعادة تخيّل",
  "ave.tf.youtube": "https://youtube.com/shorts/FsThyQDxHGM",
  "ave.tf.text.html": "<div class=\"rtxt\"><p class=\"indent\"><b>The Real Unreal Story: TrustFields</b> — عالم تلتقي فيه الحقيقة بالاستعارة. مبني على السرد الوثائقي <i>The Real Unreal Story</i> ومقدَّم كإعادة تخيّل له. علم الأورام هو «ملتَهِم القوّة»؛ الآثار الجانبية والأزمات هي «وحوش»؛ و«السوبر» هم أشخاص يمتلكون قدرات بالفعل. يلتصق الملتهم بالسوبر، يضع عليهم علامة منارة، يستنزف القوّة والطاقة الحيوية حتى أقصى حد، ويستجلب الوحوش. ليست حكاية عن السحر، بل عن الجلد — عن الذين يُبقون الباب مفتوحًا عندما ينكمش كل شيء إلى نقطة.</p></div>",
  "ave.tf.btn": "فتح صفحة TrustFields"
}