{
  "ave.intro.html": "<div class=\"rtxt\"><p class=\"indent\">我叫 Nico。我决定讲述我朋友 Adam 的故事——一个我也参与其中的故事。这段经历非常不同寻常，书里和电影里都难觅其例。六年多来，我们只在亲历者之间保留它，而现在我决定开口，让更多人知道。我把这段故事改编成两种形式：纪实版本与幻想再想象。纪实版用于如其所是地认识 <i>The Real Unreal Story</i>，不做歪曲；幻想版则通过隐喻，让事件以更具视觉性的方式被感受。</p></div>",
  "ave.doc.title": "纪实格式",
  "ave.doc.youtube": "https://youtu.be/IBqpVuGNE1Q",
  "ave.doc.desc.html": "<div class=\"rtxt\"><p class=\"indent\"><i>The Real Unreal Story</i> 讲述一位毕生救人的外科医生如何不得不为自己的生命而战——在诊断、冒险抉择、并发症的浪潮以及体制与偶然的压力之中前行。这是直接的事实编年，聚焦于人、能动性，以及不确定性下的一连串选择。</p></div>",
  "ave.doc.btn": "前往主站",
  "ave.tf.title": "TrustFields — 再想象",
  "ave.tf.youtube": "https://youtube.com/shorts/FsThyQDxHGM",
  "ave.tf.text.html": "<div class=\"rtxt\"><p class=\"indent\"><b>The Real Unreal Story: TrustFields</b> —— 一个现实与隐喻相遇的世界。基于纪实叙事 <i>The Real Unreal Story</i>，以其再想象的形式呈现。肿瘤学对应「力量吞噬者」；副作用与危机化作「怪物」；「超能者」指那些已具备能力的人。吞噬者附着在超能者身上，给他们打上信标，汲取力量与生命能量至极限，并吸引怪物。这不是魔法故事，而是关于毅力——关于当一切缩至一点时仍把门撑开的那些人。</p></div>",
  "ave.tf.btn": "打开 TrustFields 页面"
}