{
  "ave.intro.html": "<div class=\"rtxt\"><p class=\"indent\">Meu nome é Nico. Decidi contar a história do meu amigo Adam — uma história da qual também me tornei parte. É extremamente incomum, do tipo que raramente aparece em livros ou filmes. Por mais de seis anos a mantivemos entre quem a viveu, mas agora decidi falar e tentar torná-la conhecida. Adaptei a história em dois formatos: um documentário e uma reimaginação fantástica. O formato documental é para conhecer <i>The Real Unreal Story</i> como ela é, sem distorções. O formato fantástico é para sentir os acontecimentos visualmente, por meio de metáforas.</p></div>",
  "ave.doc.title": "Formato documental",
  "ave.doc.youtube": "https://youtu.be/IBqpVuGNE1Q",
  "ave.doc.desc.html": "<div class=\"rtxt\"><p class=\"indent\"><i>The Real Unreal Story</i> acompanha um cirurgião que dedicou a vida a salvar os outros e depois teve de lutar pela própria — entre diagnósticos, decisões arriscadas, ondas de complicações e a pressão dos sistemas e do acaso. É uma crônica factual, direta, centrada nas pessoas, na agência e na cadeia de escolhas sob incerteza.</p></div>",
  "ave.doc.btn": "Ir para o site principal",
  "ave.tf.title": "TrustFields — reimaginação",
  "ave.tf.youtube": "https://youtube.com/shorts/FsThyQDxHGM",
  "ave.tf.text.html": "<div class=\"rtxt\"><p class=\"indent\"><b>The Real Unreal Story: TrustFields</b> — um mundo onde a realidade encontra a metáfora. Baseado na narrativa documental <i>The Real Unreal Story</i> e apresentado como sua reimaginação. A oncologia é o Devorador de Poder; os efeitos colaterais e as crises são monstros; os «supers» são pessoas que já possuem habilidades. O Devorador prende-se aos supers, coloca uma marca-baliza, drena força e energia vital até o limite e atrai monstros. Não é uma história sobre magia, mas sobre resistência — sobre quem mantém a porta aberta quando tudo se estreita a um ponto.</p></div>",
  "ave.tf.btn": "Abrir a página TrustFields"
}